type,inference-time
cnn,0.5961749999999999
knn,0.5035000000000001
