type,recall
cnn,0.7619499999999999
knn,0.644325
