type,training-time
cnn,2925.0175000000004
knn,0.04975
